from,to,value
2931,2903,-0.0625
2931,2915,-0.05357142857142857
2931,2921,-0.05357142857142857
2931,0101,-0.03125
2931,3406,-0.02586206896551724
2931,3808,-0.026785714285714284
2931,7116,-0.041666666666666664
0102,1213,-0.020833333333333332
0103,0203,-0.03333333333333333
0103,1704,-0.016826923076923076
0103,1905,-0.015350877192982455
0104,6803,-0.02
0104,4102,-0.014285714285714285
0105,8449,-0.025210084033613446
0106,2834,-0.0125
0201,1502,-0.029017857142857144
0202,1502,-0.02717391304347826
0203,9016,-0.04
0203,0206,-0.031746031746031744
0203,0210,-0.040740740740740744
0203,1602,-0.02280701754385965
0203,4411,-0.021568627450980392
0204,0410,-0.018518518518518517
0205,0505,-0.02727272727272727
0207,2926,-0.025454545454545455
0208,1109,-0.024242424242424242
0209,8449,-0.041666666666666664
0301,9616,-0.014814814814814815
0302,4701,-0.013409961685823755
0303,0304,-0.010628247520075578
0304,8902,-0.013136288998357963
0305,4502,-0.01509433962264151
0306,5307,-0.013888888888888888
0307,4502,-0.014285714285714285
0401,1109,-0.020454545454545454
0402,3501,-0.022267206477732792
0403,7226,-0.022448979591836733
0404,3501,-0.03296703296703297
0405,3501,-0.03678929765886288
0406,5704,-0.021875
0407,4502,-0.018604651162790697
0408,8449,-0.03759398496240601
0409,4504,-0.017421602787456445
0410,9108,-0.027777777777777776
0501,5307,-0.038461538461538464
0502,0903,-0.0625
0502,0906,-0.03571428571428571
0502,1201,-0.03333333333333333
0502,1006,-0.02
0502,4412,-0.020833333333333332
0502,5005,-0.0625
0502,6001,-0.041666666666666664
0504,4502,-0.02666666666666667
0505,1512,-0.024242424242424242
0505,7009,-0.045454545454545456
0506,3504,-0.023809523809523808
0507,2612,-0.024509803921568627
0508,5305,-0.01636904761904762
0510,1502,-0.02027027027027027
0511,4701,-0.018912529550827423
0601,3807,-0.038461538461538464
0601,1209,-0.020361990950226245
0602,0603,-0.018575851393188854
0602,4502,-0.023529411764705882
0603,0708,-0.016194331983805668
0604,4502,-0.01951219512195122
0701,8449,-0.01984126984126984
0702,4502,-0.024242424242424242
0702,0707,-0.022144522144522144
0703,5701,-0.016203703703703703
0704,4502,-0.025
0705,4501,-0.028985507246376812
0705,0809,-0.0189520624303233
0705,0810,-0.017189079878665317
0711,0706,-0.027777777777777776
0903,0706,-0.0625
0903,2308,-0.023148148148148147
0903,2401,-0.017857142857142856
0909,0706,-0.038461538461538464
0910,0706,-0.02
1207,0706,-0.016129032258064516
1509,0805,-0.02022058823529412
1509,0706,-0.0625
8609,0706,-0.022727272727272728
9505,6913,-0.045454545454545456
9505,0706,-0.045454545454545456
0709,1510,-0.013440860215053764
0710,4504,-0.023809523809523808
0712,6702,-0.024
0713,1007,-0.019886363636363636
0714,0801,-0.014652014652014652
0801,5305,-0.024489795918367346
0802,6803,-0.017361111111111112
0803,1802,-0.016666666666666666
0804,4501,-0.014367816091954023
0806,2810,-0.02
0807,6803,-0.017361111111111112
0808,2003,-0.023255813953488372
0811,1510,-0.018518518518518517
0812,5005,-0.03125
0813,8449,-0.018633540372670808
0814,4501,-0.02666666666666667
0814,2009,-0.011515151515151515
0901,2935,-0.014204545454545454
0902,5310,-0.019157088122605363
0904,5305,-0.01948051948051948
0905,2525,-0.027777777777777776
0906,0908,-0.02922077922077922
0907,5303,-0.02631578947368421
1001,1205,-0.03728070175438596
1002,7226,-0.039285714285714285
1003,1205,-0.03289473684210526
1004,8439,-0.03571428571428571
1005,1007,-0.023148148148148147
1005,1201,-0.024691358024691357
1007,1521,-0.026442307692307692
1008,1204,-0.020202020202020204
1101,7206,-0.0125
1102,3201,-0.015294117647058824
1103,9307,-0.016885553470919325
1104,1109,-0.02066115702479339
1105,9016,-0.04285714285714286
1106,4007,-0.014577259475218658
1107,5301,-0.027472527472527472
1108,5301,-0.030612244897959183
1109,5905,-0.03977272727272727
1109,9016,-0.05454545454545454
1109,1514,-0.0371900826446281
1109,1703,-0.013223140495867768
1109,3814,-0.019955654101995565
1109,3820,-0.03896103896103896
1109,4012,-0.02909090909090909
1109,4814,-0.03557312252964427
1109,5601,-0.02356902356902357
1109,7204,-0.012987012987012988
1109,7804,-0.03349282296650718
1109,8709,-0.030303030303030304
1201,2304,-0.03333333333333333
1202,2305,-0.022222222222222223
1202,5201,-0.016666666666666666
1203,4007,-0.03296703296703297
1204,1205,-0.03508771929824561
1204,2306,-0.020155038759689922
1204,5001,-0.037037037037037035
1205,1514,-0.03349282296650718
1206,8401,-0.030303030303030304
1208,2304,-0.0210727969348659
1210,9012,-0.04081632653061224
1211,6702,-0.015384615384615385
1212,4503,-0.018229166666666668
1213,5113,-0.028409090909090908
1214,8109,-0.0380952380952381
1301,2305,-0.018292682926829267
1302,7418,-0.02295918367346939
1401,9617,-0.030864197530864196
1404,5701,-0.01893939393939394
1501,8449,-0.045112781954887216
1502,2612,-0.03125
1503,2913,-0.05
1504,2301,-0.01730920535011802
1505,3707,-0.04081632653061224
1506,9016,-0.03529411764705882
1507,4502,-0.02857142857142857
1508,2305,-0.03888888888888889
1510,6308,-0.03205128205128205
1510,4501,-0.06944444444444445
1511,1802,-0.030434782608695653
1513,9617,-0.028985507246376812
1515,4501,-0.02032520325203252
1516,5407,-0.022222222222222223
1517,4502,-0.022222222222222223
1518,4502,-0.032
1520,9016,-0.03076923076923077
1522,3703,-0.032467532467532464
1601,2003,-0.022222222222222223
1603,5405,-0.031746031746031744
1604,4502,-0.022222222222222223
1605,5303,-0.014423076923076924
1701,4503,-0.014150943396226415
1702,3507,-0.02564102564102564
1801,1802,-0.01951219512195122
1802,1804,-0.04375
1802,4001,-0.031578947368421054
1802,1803,-0.03888888888888889
1804,1805,-0.03273809523809524
1806,3501,-0.02197802197802198
1901,9016,-0.023529411764705882
1902,2528,-0.015625
1903,5504,-0.022988505747126436
1904,8109,-0.01749271137026239
2001,9614,-0.01775147928994083
2002,4501,-0.036231884057971016
2003,4903,-0.05555555555555555
2003,2005,-0.023809523809523808
2003,2007,-0.017429193899782137
2003,2105,-0.020202020202020204
2003,4304,-0.042735042735042736
2003,6602,-0.05555555555555555
2004,3803,-0.03787878787878788
2004,3806,-0.03508771929824561
2006,5005,-0.03
2008,2528,-0.01715686274509804
2101,9016,-0.023529411764705882
2102,4502,-0.02
2103,4502,-0.01904761904761905
2104,8805,-0.017857142857142856
2106,7505,-0.017543859649122806
2201,5605,-0.016666666666666666
2202,8449,-0.016666666666666666
2203,8440,-0.016176470588235296
2204,4504,-0.03896103896103896
2205,8449,-0.0380952380952381
2205,2208,-0.014666666666666666
2206,3707,-0.024390243902439025
2207,3707,-0.017421602787456445
2209,4503,-0.023148148148148147
2301,3807,-0.016260162601626018
2302,5302,-0.01282051282051282
2303,8104,-0.03684210526315789
2305,5307,-0.041666666666666664
2307,4504,-0.044642857142857144
2309,5302,-0.018115942028985508
2402,9016,-0.016666666666666666
2403,9016,-0.021052631578947368
2501,2612,-0.014492753623188406
2502,5005,-0.041666666666666664
7203,2710,-0.013986013986013986
7203,2711,-0.01948051948051948
7203,2713,-0.01928374655647383
7203,2714,-0.025454545454545455
7203,2802,-0.028409090909090908
7203,2814,-0.03636363636363636
7203,2905,-0.02821316614420063
7203,3702,-0.03636363636363636
7203,2503,-0.024793388429752067
7203,7605,-0.030303030303030304
2504,2525,-0.046296296296296294
2504,2516,-0.023809523809523808
2525,2913,-0.05555555555555555
2525,2614,-0.032679738562091505
2505,3702,-0.01818181818181818
2506,8307,-0.02181818181818182
2507,3703,-0.03571428571428571
2508,6803,-0.02586206896551724
2509,3821,-0.02666666666666667
2510,2524,-0.03333333333333333
2511,4502,-0.031578947368421054
2512,8307,-0.030303030303030304
2513,2812,-0.027777777777777776
2514,6803,-0.039473684210526314
2515,4501,-0.030864197530864196
2517,5507,-0.016666666666666666
2518,5801,-0.024305555555555556
2519,2605,-0.027210884353741496
2520,4502,-0.022222222222222223
2521,3702,-0.022222222222222223
2522,4806,-0.019027484143763214
2523,5511,-0.013204225352112676
2612,2524,-0.08333333333333333
2612,2601,-0.03333333333333333
2612,2602,-0.047619047619047616
2612,2603,-0.02976190476190476
2612,2609,-0.037037037037037035
2612,2844,-0.05128205128205128
2612,4104,-0.016339869281045753
2612,7901,-0.034722222222222224
2701,2524,-0.046875
2702,2524,-0.045454545454545456
2524,2818,-0.029411764705882353
2524,2819,-0.05555555555555555
2524,7201,-0.045454545454545456
2524,7206,-0.03125
2524,7207,-0.03
2524,7209,-0.026785714285714284
2524,8112,-0.0625
2524,8602,-0.05
2524,8904,-0.02586206896551724
2524,8906,-0.03260869565217391
2524,2709,-0.02027027027027027
2819,2812,-0.05555555555555555
2819,2610,-0.02564102564102564
2819,2833,-0.022988505747126436
7201,3605,-0.015584415584415584
7201,7202,-0.02097902097902098
8906,8901,-0.016722408026755852
2526,5007,-0.031746031746031744
2528,2810,-0.075
2528,2616,-0.02403846153846154
2528,4409,-0.017045454545454544
2528,7108,-0.014705882352941176
5701,2619,-0.02142857142857143
5701,5307,-0.041666666666666664
5701,2529,-0.024305555555555556
5701,5702,-0.041666666666666664
2530,5301,-0.0163265306122449
2604,2605,-0.03896103896103896
2604,7501,-0.06363636363636363
2605,7402,-0.03571428571428571
2606,4007,-0.023809523809523808
2607,2810,-0.025
2607,2608,-0.021616541353383457
2609,2611,-0.041666666666666664
2609,2615,-0.026455026455026454
2609,2617,-0.023809523809523808
4103,2610,-0.013986013986013986
2613,2845,-0.03418803418803419
2618,6803,-0.03289473684210526
2620,4502,-0.02857142857142857
2621,2913,-0.034722222222222224
2703,3807,-0.03333333333333333
2703,4301,-0.03333333333333333
2703,3101,-0.02095238095238095
2704,8111,-0.03125
2705,9016,-0.04
2706,4806,-0.03349282296650718
2707,2907,-0.027777777777777776
2708,2848,-0.037037037037037035
2712,2913,-0.03333333333333333
6803,4502,-0.05
6803,5609,-0.023148148148148147
6803,6802,-0.02734375
6803,7227,-0.041666666666666664
6803,2715,-0.026785714285714284
6803,6901,-0.027777777777777776
6803,6907,-0.03571428571428571
6803,7214,-0.016826923076923076
6803,7313,-0.024193548387096774
6803,8215,-0.05
6803,8905,-0.016666666666666666
2716,8449,-0.017857142857142856
2801,3702,-0.04285714285714286
2803,5005,-0.03571428571428571
2804,2812,-0.03260869565217391
2805,5005,-0.05
2806,2913,-0.027777777777777776
2807,2917,-0.024844720496894408
2808,5301,-0.032467532467532464
2809,4502,-0.04
2809,2834,-0.03125
2809,3103,-0.031818181818181815
2809,3105,-0.022222222222222223
2810,2840,-0.05454545454545454
2811,2816,-0.02203856749311295
2812,2816,-0.06818181818181818
2812,2841,-0.05555555555555555
2812,2850,-0.1
2812,2920,-0.09090909090909091
2812,3702,-0.1
2812,3705,-0.125
2812,3817,-0.03333333333333333
2812,3818,-0.10714285714285714
2812,3910,-0.075
2812,8444,-0.1
2812,8109,-0.07142857142857142
2812,8113,-0.0625
2812,8401,-0.08333333333333333
2812,8420,-0.075
2812,8457,-0.08333333333333333
2812,9012,-0.10714285714285714
2812,7009,-0.041666666666666664
2812,3507,-0.057692307692307696
2812,2907,-0.08333333333333333
2812,2813,-0.057692307692307696
2812,2815,-0.043478260869565216
2812,2823,-0.03571428571428571
2812,2826,-0.039473684210526314
2812,2837,-0.041666666666666664
2812,2842,-0.1111111111111111
2812,2843,-0.05
2812,2847,-0.0375
2812,2853,-0.0625
2812,2901,-0.027777777777777776
2812,2916,-0.05
2812,2927,-0.07142857142857142
2812,2929,-0.06818181818181818
2812,3205,-0.05357142857142857
2812,3208,-0.022222222222222223
2812,3212,-0.03333333333333333
2812,3404,-0.05357142857142857
2812,3405,-0.034482758620689655
2812,3506,-0.05
2812,3701,-0.08333333333333333
2812,3810,-0.07142857142857142
2812,3815,-0.04411764705882353
2812,3904,-0.043478260869565216
2812,3905,-0.04411764705882353
2812,3906,-0.0625
2812,3907,-0.045454545454545456
2812,3908,-0.0625
2812,3909,-0.058823529411764705
2812,3911,-0.09090909090909091
2812,3912,-0.07692307692307693
2812,3919,-0.047619047619047616
2812,3920,-0.023255813953488372
2812,3921,-0.02702702702702703
2812,4009,-0.03409090909090909
2812,5404,-0.047619047619047616
2812,5501,-0.04411764705882353
2812,5502,-0.075
2812,5505,-0.02857142857142857
2812,5906,-0.05
2812,5907,-0.045454545454545456
2812,5908,-0.04411764705882353
2812,6805,-0.04
2812,6813,-0.046875
2812,6815,-0.043478260869565216
2812,6903,-0.04411764705882353
2812,6909,-0.07692307692307693
2812,7002,-0.06818181818181818
2812,7003,-0.10714285714285714
2812,7004,-0.08333333333333333
2812,7014,-0.08333333333333333
2812,7107,-0.1
2812,7109,-0.075
2812,7115,-0.04411764705882353
2812,7220,-0.0625
2812,7409,-0.05
2812,7506,-0.057692307692307696
2812,7507,-0.06818181818181818
2812,8101,-0.0625
2812,8102,-0.08333333333333333
2812,8108,-0.057692307692307696
2812,8207,-0.047619047619047616
2812,8209,-0.0625
2812,8406,-0.04411764705882353
2812,8407,-0.05357142857142857
2812,8409,-0.037037037037037035
2812,8413,-0.03409090909090909
2812,8414,-0.047619047619047616
2812,8427,-0.04411764705882353
2812,8431,-0.020833333333333332
2812,8468,-0.043478260869565216
2812,8469,-0.038461538461538464
2812,8475,-0.07692307692307693
2812,8479,-0.05263157894736842
2812,8484,-0.03125
2812,8486,-0.08333333333333333
2812,8505,-0.05357142857142857
2812,8514,-0.06666666666666667
2812,8538,-0.034482758620689655
2812,8702,-0.02586206896551724
2812,8707,-0.05
2812,8708,-0.04
2812,8803,-0.028846153846153848
2812,9010,-0.046875
2812,9011,-0.041666666666666664
2812,9017,-0.075
2812,9024,-0.05357142857142857
2812,9031,-0.045454545454545456
2812,9032,-0.0375
2812,9201,-0.05555555555555555
2812,9209,-0.05
2812,9999,-0.014423076923076924
2814,3102,-0.02021276595744681
2816,7603,-0.030303030303030304
2817,2927,-0.03007518796992481
2820,2913,-0.037037037037037035
2821,8444,-0.06666666666666667
2822,5005,-0.05555555555555555
2824,5104,-0.027777777777777776
2825,3702,-0.031578947368421054
2827,3703,-0.034013605442176874
2828,2850,-0.02
2829,4705,-0.045454545454545456
2830,5005,-0.038461538461538464
2830,2852,-0.035897435897435895
2831,3211,-0.03409090909090909
2831,8444,-0.1
2831,5104,-0.041666666666666664
2831,9604,-0.052083333333333336
2832,5005,-0.0375
2835,8104,-0.025925925925925925
2836,8401,-0.024691358024691357
2839,9016,-0.025
2840,4007,-0.03896103896103896
2841,7106,-0.024691358024691357
2845,9016,-0.06666666666666667
2846,5507,-0.056818181818181816
2848,3818,-0.07936507936507936
2848,8107,-0.030864197530864196
2848,8402,-0.043209876543209874
2849,8111,-0.034722222222222224
2850,7504,-0.045454545454545456
2902,3702,-0.05333333333333334
2903,9012,-0.07142857142857142
2904,3704,-0.03636363636363636
2906,2913,-0.052083333333333336
2908,2927,-0.06493506493506493
2908,2942,-0.04132231404958678
2909,2910,-0.041025641025641026
2909,3902,-0.02619047619047619
2910,3702,-0.06153846153846154
2911,2913,-0.05128205128205128
2912,2913,-0.052083333333333336
2913,2919,-0.08333333333333333
2913,8444,-0.1
2913,5901,-0.05
2913,8445,-0.07407407407407407
2913,2923,-0.0392156862745098
2913,2925,-0.0641025641025641
2913,3812,-0.049019607843137254
2913,4201,-0.031746031746031744
2913,5403,-0.044444444444444446
2913,6703,-0.030303030303030304
2913,6814,-0.05555555555555555
2913,7011,-0.036231884057971016
2913,7305,-0.052083333333333336
2913,8201,-0.027777777777777776
2913,8404,-0.041666666666666664
2913,8472,-0.06944444444444445
2913,8545,-0.041666666666666664
2913,8546,-0.049019607843137254
2913,8711,-0.046296296296296294
2913,9608,-0.037037037037037035
2914,5005,-0.05263157894736842
2917,2927,-0.04081632653061224
2918,5005,-0.05
2919,3207,-0.05
2919,4809,-0.041666666666666664
2919,9016,-0.075
2919,3403,-0.039473684210526314
2919,7905,-0.044642857142857144
2919,8203,-0.039473684210526314
2919,8204,-0.03333333333333333
2919,9008,-0.039473684210526314
2919,9103,-0.041666666666666664
2920,2936,-0.0481283422459893
2920,3204,-0.053475935828877004
2920,7415,-0.03896103896103896
2922,2935,-0.0625
2922,3504,-0.03333333333333333
2924,2928,-0.050505050505050504
2924,2935,-0.06944444444444445
2924,5005,-0.08333333333333333
2924,3203,-0.04040404040404041
2926,3707,-0.06493506493506493
3825,2927,-0.019305019305019305
5803,2927,-0.047619047619047616
7614,2927,-0.03571428571428571
2928,7114,-0.024793388429752067
2930,3702,-0.06666666666666667
2932,2935,-0.04411764705882353
2933,2935,-0.06818181818181818
2933,2938,-0.0427807486631016
2934,2935,-0.0673076923076923
2934,3302,-0.02834008097165992
2935,2937,-0.038461538461538464
2935,2941,-0.041666666666666664
2935,3003,-0.025
2935,3004,-0.026515151515151516
2937,3001,-0.038461538461538464
2939,8445,-0.030303030303030304
2940,8449,-0.03896103896103896
3002,3705,-0.044642857142857144
3005,3703,-0.03571428571428571
3006,3703,-0.04081632653061224
3104,5301,-0.02857142857142857
3201,4206,-0.029411764705882353
3202,8445,-0.03508771929824561
3206,3703,-0.03759398496240601
3207,3210,-0.023076923076923078
3209,3821,-0.022764227642276424
3211,3401,-0.015151515151515152
3213,9616,-0.03333333333333333
3214,8416,-0.023529411764705882
3215,9016,-0.03636363636363636
3301,4206,-0.01488095238095238
3303,9016,-0.02962962962962963
3304,3702,-0.021621621621621623
3305,5301,-0.02976190476190476
3306,3910,-0.017948717948717947
3307,4502,-0.021621621621621623
3402,8307,-0.0215311004784689
3407,8444,-0.05333333333333334
3501,9016,-0.046153846153846156
3501,3502,-0.03643724696356275
3503,8449,-0.031055900621118012
3505,8449,-0.04201680672268908
3601,8109,-0.05357142857142857
3601,9303,-0.02976190476190476
3602,3603,-0.0195578231292517
3603,8401,-0.027777777777777776
3604,8104,-0.045454545454545456
3606,9016,-0.02962962962962963
3702,3703,-0.08571428571428572
3702,7111,-0.08571428571428572
3702,3824,-0.041666666666666664
3702,4002,-0.042105263157894736
3702,7102,-0.025
3702,7112,-0.01951219512195122
3702,8103,-0.046153846153846156
3702,8436,-0.032
3702,8506,-0.05555555555555555
3702,8526,-0.03333333333333333
3702,8543,-0.07272727272727272
3702,8710,-0.046153846153846156
3702,9001,-0.04
3702,9018,-0.03076923076923077
3702,9030,-0.042105263157894736
3702,9207,-0.06153846153846154
3703,8805,-0.05357142857142857
3703,3802,-0.02857142857142857
3703,3822,-0.03896103896103896
3703,7019,-0.03428571428571429
3703,7602,-0.010638297872340425
3703,7802,-0.011904761904761904
3703,9019,-0.031746031746031744
3704,3707,-0.07142857142857142
3704,5801,-0.05
3704,7221,-0.06666666666666667
3704,3918,-0.046153846153846156
3704,8303,-0.03888888888888889
3704,8703,-0.032
3705,7105,-0.044642857142857144
3705,7406,-0.04807692307692308
3706,5007,-0.03571428571428571
3707,7405,-0.06493506493506493
3707,3911,-0.07792207792207792
3707,3819,-0.04201680672268908
3707,3903,-0.031055900621118012
3707,6906,-0.05194805194805195
3707,8106,-0.05194805194805195
3707,8429,-0.027649769585253458
3707,8548,-0.014652014652014652
3707,9602,-0.04201680672268908
3707,9612,-0.05042016806722689
3801,7014,-0.05982905982905983
3803,3807,-0.045454545454545456
3803,4701,-0.06060606060606061
3803,8109,-0.05194805194805195
3803,4804,-0.0371900826446281
3803,8903,-0.01652892561983471
3804,8109,-0.05102040816326531
3805,3806,-0.04155124653739612
3807,8416,-0.044444444444444446
3807,4404,-0.019736842105263157
3807,6811,-0.023809523809523808
3809,4006,-0.02619047619047619
3811,4006,-0.03888888888888889
3813,3821,-0.044444444444444446
3816,3821,-0.02619047619047619
3817,3901,-0.029333333333333333
3818,7006,-0.07936507936507936
3818,8523,-0.045112781954887216
3821,8449,-0.047619047619047616
3821,3913,-0.031746031746031744
3821,8433,-0.03333333333333333
3823,4007,-0.0380952380952381
3910,3915,-0.0140625
3914,8444,-0.06153846153846154
3916,8454,-0.029166666666666667
3917,8307,-0.019762845849802372
3922,8416,-0.027083333333333334
3923,5602,-0.01488095238095238
3924,4903,-0.023809523809523808
3925,6601,-0.022222222222222223
3926,8449,-0.027649769585253458
4001,4015,-0.03349282296650718
4003,5504,-0.037037037037037035
4004,8449,-0.024489795918367346
4005,8109,-0.032467532467532464
4006,8449,-0.047619047619047616
4007,5902,-0.05102040816326531
4007,4015,-0.03896103896103896
4007,5504,-0.047619047619047616
4007,5402,-0.03296703296703297
4007,5503,-0.03896103896103896
4007,5513,-0.03361344537815126
4007,8001,-0.03296703296703297
4007,8110,-0.0380952380952381
4008,7221,-0.04040404040404041
4010,8408,-0.03208556149732621
4011,5902,-0.025210084033613446
5902,4013,-0.03007518796992481
5902,7312,-0.039285714285714285
5902,8418,-0.02806122448979592
5902,8527,-0.04395604395604396
4014,9110,-0.02717391304347826
4015,6116,-0.0374331550802139
4016,8511,-0.03009259259259259
4017,5005,-0.03
4101,4701,-0.01616161616161616
4105,4501,-0.018518518518518517
4106,5307,-0.014423076923076924
4107,4502,-0.022857142857142857
4112,4501,-0.05
4113,4206,-0.022222222222222223
4114,4501,-0.031746031746031744
4115,7110,-0.024844720496894408
4202,5307,-0.0375
4203,9613,-0.02403846153846154
4205,4502,-0.025
4206,4501,-0.041666666666666664
4301,4302,-0.022569444444444444
4303,5007,-0.047619047619047616
4303,5211,-0.03431372549019608
4303,7118,-0.016666666666666666
4401,4703,-0.019642857142857142
4402,4903,-0.015151515151515152
4403,4701,-0.015594541910331383
4405,9016,-0.04
4406,8401,-0.025089605734767026
4407,4705,-0.016363636363636365
4408,4701,-0.018518518518518517
4410,8449,-0.027777777777777776
4413,8439,-0.023109243697478993
4414,5005,-0.0375
4415,4806,-0.023809523809523808
4416,4504,-0.03759398496240601
4417,4903,-0.02976190476190476
4418,8439,-0.023166023166023165
4419,9617,-0.030303030303030304
4420,5311,-0.022222222222222223
4421,4903,-0.021505376344086023
4501,4503,-0.10416666666666667
4501,5209,-0.028735632183908046
4501,6102,-0.01937984496124031
4501,6113,-0.025252525252525252
4501,6114,-0.02032520325203252
4501,6403,-0.02252252252252252
4501,7016,-0.03571428571428571
4501,4502,-0.13333333333333333
4501,5515,-0.0392156862745098
4501,6406,-0.023148148148148147
4503,4504,-0.08928571428571429
6102,6101,-0.019469983775013522
4803,4502,-0.029411764705882353
4819,4502,-0.017857142857142856
5306,4502,-0.05
5306,5301,-0.05952380952380952
5306,5811,-0.030303030303030304
5306,6303,-0.03070175438596491
5306,9028,-0.03571428571428571
5608,4502,-0.021621621621621623
6111,4502,-0.02857142857142857
6112,4502,-0.022857142857142857
6202,4502,-0.027586206896551724
6202,6201,-0.024630541871921183
6203,4502,-0.017241379310344827
6206,4502,-0.022727272727272728
6209,4502,-0.025
6304,4502,-0.038461538461538464
6306,4502,-0.020689655172413793
6310,4502,-0.020512820512820513
6405,4502,-0.02564102564102564
4502,6908,-0.03076923076923077
4502,7404,-0.009433962264150943
4502,7413,-0.03636363636363636
4502,8511,-0.05
4502,8512,-0.034782608695652174
4502,8537,-0.03333333333333333
4502,8547,-0.034782608695652174
4502,8712,-0.03636363636363636
4502,9104,-0.05454545454545454
4502,6501,-0.044444444444444446
4502,6910,-0.0380952380952381
4502,8544,-0.02631578947368421
8511,7320,-0.0325
9104,9016,-0.05454545454545454
9104,9029,-0.03977272727272727
4601,5305,-0.022857142857142857
4602,5307,-0.03
4701,4705,-0.06666666666666667
4701,9301,-0.026455026455026454
4701,5207,-0.020833333333333332
4701,8425,-0.03111111111111111
4702,4705,-0.05
4702,4802,-0.039473684210526314
4703,4705,-0.06428571428571428
4704,8109,-0.05102040816326531
4705,7501,-0.04
4706,8307,-0.03535353535353535
4707,5906,-0.014814814814814815
4801,7221,-0.037037037037037035
4805,8449,-0.02976190476190476
4806,8509,-0.045454545454545456
4806,4818,-0.02066115702479339
4806,4902,-0.03134796238244514
4806,7007,-0.0371900826446281
4806,7224,-0.0427807486631016
4806,7604,-0.02097902097902098
4806,8421,-0.028409090909090908
4806,8483,-0.03146853146853147
4806,8487,-0.03272727272727273
4807,9016,-0.04
4808,8401,-0.02880658436213992
4809,7408,-0.02666666666666667
4810,7218,-0.0392156862745098
4811,8109,-0.030612244897959183
4812,8460,-0.04285714285714286
4813,9016,-0.03076923076923077
4816,8444,-0.06
4817,4903,-0.026041666666666668
5805,5007,-0.03571428571428571
5805,4820,-0.018092105263157895
4821,4903,-0.022222222222222223
4822,8603,-0.026923076923076925
4823,4903,-0.02976190476190476
4901,9012,-0.024630541871921183
5106,4903,-0.03333333333333333
4903,5806,-0.03787878787878788
4903,6002,-0.049019607843137254
4903,6212,-0.027777777777777776
4903,8476,-0.037037037037037035
4903,8528,-0.03333333333333333
4903,8902,-0.031746031746031744
4903,9404,-0.026041666666666668
4903,9504,-0.05128205128205128
4903,6601,-0.07142857142857142
4903,5508,-0.027777777777777776
4903,6004,-0.049019607843137254
4903,9615,-0.1
6002,6006,-0.029411764705882353
4904,9012,-0.06593406593406594
4905,7221,-0.03333333333333333
4906,9604,-0.029166666666666667
4907,7110,-0.017006802721088437
4908,8444,-0.058823529411764705
4909,8111,-0.046875
4909,9615,-0.05
4910,8444,-0.034782608695652174
4911,8439,-0.02264808362369338
5002,5004,-0.05555555555555555
5002,5003,-0.06153846153846154
5004,6110,-0.019753086419753086
5004,5005,-0.05555555555555555
5107,5005,-0.04411764705882353
5110,5005,-0.045454545454545456
5113,5005,-0.06818181818181818
5204,5005,-0.0234375
5405,5005,-0.07142857142857142
5405,8007,-0.031055900621118012
5504,5005,-0.05555555555555555
5504,5510,-0.03535353535353535
5604,5005,-0.05
6215,5005,-0.03333333333333333
6507,5005,-0.0375
6603,5005,-0.04411764705882353
6804,5005,-0.047619047619047616
7015,5005,-0.10714285714285714
7015,7104,-0.05714285714285714
7015,9114,-0.061224489795918366
7110,5108,-0.05714285714285714
7110,5005,-0.07142857142857142
7110,9705,-0.015197568389057751
7110,9706,-0.018433179723502304
7117,5005,-0.03125
7311,5005,-0.015
7411,5005,-0.0375
8213,6210,-0.01838235294117647
8213,5005,-0.0625
8301,5005,-0.03409090909090909
8308,5005,-0.03409090909090909
8415,5005,-0.046875
8444,5006,-0.05
8444,5406,-0.04
8444,5507,-0.075
8444,5603,-0.03076923076923077
8444,5802,-0.027586206896551724
8444,6701,-0.075
8444,6808,-0.037037037037037035
8444,6810,-0.025806451612903226
8444,7020,-0.04
8444,7225,-0.05333333333333334
8444,7304,-0.02857142857142857
8444,7315,-0.047058823529411764
8444,7318,-0.032
8444,7412,-0.04
8444,7607,-0.045454545454545456
8444,7907,-0.03333333333333333
8444,8211,-0.05333333333333334
8444,8423,-0.05333333333333334
8444,8441,-0.0380952380952381
8444,8455,-0.05
8444,5005,-0.1
8444,9307,-0.06153846153846154
8444,8454,-0.06666666666666667
8444,5311,-0.06666666666666667
8444,8446,-0.06666666666666667
8444,9609,-0.03529411764705882
8444,8447,-0.08888888888888889
8444,8477,-0.05714285714285714
8444,8480,-0.044444444444444446
8444,8481,-0.034782608695652174
8444,8482,-0.047058823529411764
8444,9107,-0.04
8444,9205,-0.06666666666666667
8444,9603,-0.023076923076923078
8444,9607,-0.047058823529411764
8444,9618,-0.03
8450,5005,-0.039473684210526314
8460,5005,-0.075
8464,5005,-0.046875
8501,5005,-0.04
8516,5005,-0.03409090909090909
8601,6904,-0.024691358024691357
8601,7216,-0.021604938271604937
8601,7306,-0.021021021021021023
8601,7307,-0.03535353535353535
8601,8410,-0.0392156862745098
8601,5005,-0.05555555555555555
8601,8608,-0.03292181069958848
8601,9304,-0.037037037037037035
8604,5005,-0.05555555555555555
8714,5005,-0.03571428571428571
8715,7301,-0.027972027972027972
8715,5005,-0.038461538461538464
8715,9610,-0.038461538461538464
9003,5005,-0.038461538461538464
9004,5005,-0.0625
9109,5005,-0.046875
9110,9108,-0.05555555555555555
9110,5005,-0.09375
9111,5005,-0.075
9112,5005,-0.07142857142857142
9113,5005,-0.058823529411764705
9202,8907,-0.016722408026755852
9202,5005,-0.038461538461538464
9208,9206,-0.02181818181818182
9208,5005,-0.045454545454545456
9506,5005,-0.0375
9617,6912,-0.041666666666666664
9617,7410,-0.05128205128205128
9617,8470,-0.041666666666666664
9617,8508,-0.041666666666666664
9617,8521,-0.06944444444444445
9617,8536,-0.027777777777777776
9617,9006,-0.041666666666666664
9617,5005,-0.08333333333333333
9702,9701,-0.03333333333333333
9702,5005,-0.03333333333333333
9702,9703,-0.030303030303030304
5007,5507,-0.07142857142857142
5007,9616,-0.05714285714285714
5007,5407,-0.047619047619047616
5007,5605,-0.047619047619047616
5007,5511,-0.026785714285714284
5007,5208,-0.027210884353741496
5007,5210,-0.045112781954887216
5007,5212,-0.03759398496240601
5007,5309,-0.044642857142857144
5007,5408,-0.044642857142857144
5007,5512,-0.04285714285714286
5007,5516,-0.05952380952380952
5007,5804,-0.045112781954887216
5007,5807,-0.032467532467532464
5007,5808,-0.03896103896103896
5007,6003,-0.04
5007,6213,-0.04081632653061224
5007,6214,-0.03968253968253968
5007,7210,-0.025210084033613446
5007,7615,-0.05042016806722689
5007,8453,-0.0380952380952381
5101,5105,-0.023017902813299233
5102,5108,-0.03333333333333333
5103,5105,-0.03529411764705882
5105,5108,-0.041176470588235294
5109,8463,-0.030612244897959183
5111,5112,-0.04017857142857143
5112,5309,-0.03571428571428571
5202,5205,-0.020879120879120878
5203,5303,-0.03289473684210526
5205,5206,-0.023504273504273504
5206,6108,-0.025252525252525252
5206,6702,-0.03333333333333333
5211,6302,-0.023109243697478993
5301,6807,-0.026455026455026454
5302,7018,-0.041666666666666664
5302,7508,-0.03431372549019608
5303,5308,-0.02976190476190476
5303,5607,-0.021341463414634148
5303,7103,-0.020161290322580645
5303,5307,-0.0625
5303,5305,-0.044642857142857144
5307,6117,-0.027777777777777776
5307,6208,-0.0234375
5307,7018,-0.041666666666666664
5307,8908,-0.013636363636363636
5307,9601,-0.022727272727272728
5307,5310,-0.08333333333333333
5307,6702,-0.05
5307,6307,-0.024193548387096774
6208,6204,-0.02013888888888889
6208,6207,-0.022804054054054054
7018,5703,-0.031746031746031744
5310,6305,-0.018140589569160998
6205,5311,-0.0196078431372549
5401,5807,-0.021994134897360705
5506,7107,-0.044444444444444446
5507,8449,-0.07142857142857142
5507,6902,-0.039473684210526314
5507,7303,-0.03125
5507,7407,-0.027777777777777776
5509,5510,-0.02861952861952862
5514,6701,-0.02717391304347826
5602,8449,-0.04081632653061224
5606,8104,-0.044444444444444446
5704,9016,-0.05
5705,6501,-0.027777777777777776
5801,6801,-0.02666666666666667
5801,6911,-0.03888888888888889
5809,8446,-0.041666666666666664
5810,6702,-0.031578947368421054
5901,6812,-0.03571428571428571
5903,6702,-0.05454545454545454
5903,6005,-0.03827751196172249
5904,9012,-0.0380952380952381
5905,8434,-0.03409090909090909
5909,8307,-0.0374331550802139
5910,8445,-0.04861111111111111
5911,9012,-0.03296703296703297
6103,6108,-0.019342359767891684
6104,6108,-0.01928374655647383
6104,6105,-0.017825311942959002
6104,6109,-0.01652892561983471
6106,6213,-0.020186335403726708
6107,6108,-0.020694752402069475
6108,6211,-0.018308080808080808
6115,6601,-0.022321428571428572
6116,6216,-0.029411764705882353
6217,9616,-0.025806451612903226
6301,7323,-0.029411764705882353
6309,8805,-0.018229166666666668
6401,8513,-0.019305019305019305
6402,6404,-0.025252525252525252
6404,6702,-0.03333333333333333
6502,6501,-0.041666666666666664
6701,6504,-0.03125
6701,7217,-0.02142857142857143
6701,7314,-0.026515151515151516
6701,8430,-0.01953125
6505,6702,-0.02857142857142857
6506,6702,-0.03333333333333333
8305,6601,-0.044642857142857144
9403,6601,-0.023809523809523808
6702,8304,-0.03529411764705882
6702,8306,-0.04
6702,9105,-0.075
6702,9606,-0.03333333333333333
6702,9614,-0.046153846153846156
6702,9615,-0.08
6702,6704,-0.02857142857142857
9105,9005,-0.03289473684210526
9105,9101,-0.02976190476190476
9105,9102,-0.05357142857142857
9105,9106,-0.03289473684210526
6806,9012,-0.03428571428571429
6809,8449,-0.023166023166023165
6905,8449,-0.03296703296703297
6913,6914,-0.0392156862745098
7001,9012,-0.017142857142857144
7005,7111,-0.027649769585253458
7229,7006,-0.05128205128205128
7229,8311,-0.03296703296703297
7319,7006,-0.05185185185185185
8003,7006,-0.042735042735042736
8452,7006,-0.04678362573099415
8473,7006,-0.05925925925925926
8473,8471,-0.04583333333333333
7006,8533,-0.027777777777777776
7006,8542,-0.04678362573099415
7006,9002,-0.07407407407407407
7006,8532,-0.06349206349206349
7006,8541,-0.05925925925925926
7006,9013,-0.08333333333333333
9002,8443,-0.04583333333333333
7008,8439,-0.03142857142857143
7010,8449,-0.019230769230769232
7013,8210,-0.0375
7017,9012,-0.05357142857142857
7101,8522,-0.02976190476190476
7111,8529,-0.044642857142857144
7113,9102,-0.024553571428571428
7205,8109,-0.045112781954887216
7208,8111,-0.027777777777777776
7211,8457,-0.033816425120772944
7212,8449,-0.027649769585253458
7213,8603,-0.02702702702702703
7215,7302,-0.025466893039049237
7218,8420,-0.05
7218,7606,-0.03333333333333333
7219,7220,-0.04779411764705882
7221,8408,-0.0457516339869281
7221,7302,-0.04093567251461988
7221,7223,-0.0457516339869281
7221,8701,-0.037037037037037035
7221,9305,-0.02681992337164751
7222,8449,-0.05714285714285714
7226,8113,-0.044642857142857144
7227,7228,-0.03768115942028986
7308,8453,-0.02113821138211382
7309,8449,-0.02127659574468085
7310,8509,-0.021825396825396824
7316,8111,-0.021739130434782608
7317,8202,-0.01904761904761905
7321,8104,-0.027586206896551724
7322,8416,-0.032
7323,8215,-0.041666666666666664
7324,8509,-0.03571428571428571
7325,8449,-0.029556650246305417
7326,8509,-0.02546296296296296
7401,7402,-0.024456521739130436
7403,7402,-0.026041666666666668
7405,8440,-0.0427807486631016
7418,8449,-0.05102040816326531
7419,8445,-0.03535353535353535
7502,7504,-0.048484848484848485
7503,9012,-0.037267080745341616
7504,8105,-0.05454545454545454
7505,8449,-0.047619047619047616
7601,7605,-0.021645021645021644
7608,8104,-0.034782608695652174
7609,9016,-0.0380952380952381
7610,8509,-0.02032520325203252
7611,8449,-0.03896103896103896
7612,8463,-0.022556390977443608
7613,9012,-0.045112781954887216
7616,8449,-0.030612244897959183
7801,8606,-0.01221001221001221
7806,9016,-0.024
7902,8449,-0.020833333333333332
7903,8109,-0.031055900621118012
7904,8206,-0.03333333333333333
8002,9012,-0.032467532467532464
8104,8510,-0.046153846153846156
8104,8467,-0.03529411764705882
8104,9302,-0.04
8109,8802,-0.03759398496240601
8109,9015,-0.019933554817275746
8113,8603,-0.0625
8202,9016,-0.05714285714285714
8205,9017,-0.02608695652173913
8206,9016,-0.05
8208,8461,-0.04090909090909091
8210,9616,-0.041666666666666664
8212,9609,-0.025210084033613446
8214,8215,-0.05
8302,8454,-0.03
8307,9012,-0.05194805194805195
8307,8804,-0.031818181818181815
8309,8449,-0.026455026455026454
8310,8519,-0.031578947368421054
8401,8606,-0.03418803418803419
8403,8449,-0.04285714285714286
8405,8449,-0.034013605442176874
8411,9014,-0.027777777777777776
8412,8449,-0.037267080745341616
8416,8432,-0.029885057471264367
8416,8716,-0.027083333333333334
8417,8509,-0.0375
8419,8420,-0.0391304347826087
8420,8439,-0.05
8420,8428,-0.02857142857142857
8420,8458,-0.06153846153846154
8420,8462,-0.0380952380952381
8420,8515,-0.044444444444444446
8420,8801,-0.03636363636363636
8422,9016,-0.04
8424,9012,-0.03896103896103896
8426,8449,-0.027649769585253458
8435,9016,-0.0375
8437,8445,-0.03535353535353535
8438,9016,-0.02962962962962963
8439,8503,-0.029556650246305417
8439,9402,-0.03571428571428571
8439,9406,-0.02142857142857143
8442,8449,-0.03896103896103896
8445,8461,-0.06060606060606061
8445,8448,-0.04861111111111111
8449,8451,-0.047619047619047616
8449,8502,-0.02857142857142857
8449,8530,-0.03296703296703297
8449,8705,-0.03333333333333333
8449,9704,-0.017857142857142856
8455,8474,-0.0203125
8456,8457,-0.04861111111111111
8457,8466,-0.04678362573099415
8459,8603,-0.052941176470588235
8461,8463,-0.05194805194805195
8461,8465,-0.03349282296650718
8461,8535,-0.02821316614420063
8478,9016,-0.031578947368421054
8504,9615,-0.0380952380952381
8507,9615,-0.042105263157894736
8509,9615,-0.05
8509,9401,-0.026041666666666668
8510,9016,-0.046153846153846156
8513,8518,-0.05194805194805195
8513,8519,-0.05714285714285714
8513,9615,-0.05714285714285714
8513,9405,-0.03571428571428571
8517,8519,-0.04375
8518,9503,-0.04895104895104895
8519,9613,-0.046153846153846156
8522,9615,-0.06666666666666667
8525,9013,-0.041666666666666664
8531,8543,-0.030303030303030304
8534,9615,-0.044444444444444446
8539,9615,-0.047058823529411764
8540,9012,-0.03968253968253968
8603,8605,-0.05454545454545454
8603,8607,-0.0375
8603,8704,-0.02666666666666667
8603,8706,-0.04375
8713,9016,-0.05714285714285714
9007,9012,-0.02976190476190476
9012,9014,-0.044642857142857144
9012,9020,-0.032467532467532464
9012,9022,-0.06593406593406594
9012,9023,-0.04081632653061224
9012,9025,-0.03571428571428571
9012,9026,-0.04081632653061224
9012,9027,-0.04285714285714286
9012,9033,-0.031746031746031744
9507,9013,-0.029166666666666667
9016,9615,-0.08
9016,9021,-0.03636363636363636
9016,9508,-0.03636363636363636
9301,9306,-0.025974025974025976
9605,9615,-0.06666666666666667
9611,9615,-0.06
